rank,ja_value,count,sample_path,sample_ns,proposed_ko
1,CSVエクスポート,12,crm.email.catalogSync.exportCsv,crm,
2,A/Bテスト,11,crm.email.campaignMgr.tabAbTest,crm,
3,チャネル連携,9,crm.aiHub.catalogSync.sms.ihubLinked,crm,
4,セキュリティ有効,8,crm.email.aiPolicy.badgeSecurity,crm,
5,トリガー,8,crm.aiHub.catalogSync.webPopup.colTrigger,crm,
6,ネガティブ,7,crm.aiHub.reviews.filterNegative,crm,
7,ポジティブ,7,crm.aiHub.reviews.filterPositive,crm,
8,AIルール,6,crm.email.aiPolicy.syncActiveRules,crm,
9,カスタマージャーニービルダー,6,ruleEnginePage.gNav.journeyBuilder,ruleEnginePage,
10,下書き,6,ruleEnginePage.operations.draft,ruleEnginePage,
11,予約済み,6,crm.email.campaignMgr.statusScheduled,crm,
12,接続チャネル,6,crm.aiHub.crm.email.connectedChannels,crm,
13,AIがクリエイターデータを分析中です...,5,crm.aiHub.reviews.C_35,crm,
14,AIモデル駆動 · ROI·コンバージョン·エンゲージメント·コミッション推奨·契約更新提案 + 地域·年齢·性別分析,5,crm.aiHub.reviews.txt_ClaudeSonn_33,crm,
15,Excelエクスポート,5,crm.email.catalogSync.exportExcel,crm,
16,カート,5,pages.perms.menu.marketingIntel.funnelCart,pages,
17,キャンペーン作成,5,ruleEnginePage.operations.createCampaign,ruleEnginePage,
18,キャンペーン管理,5,ruleEnginePage.gNav.campaignManager,ruleEnginePage,
19,ライトバック設定,5,crm.email.alertAuto.tabSettingsDesc,crm,
20,リアルタイムクロスタブ同期有効 — 全モジュールデータがリアルタイム反映,5,crm.aiHub.catalogSync.reviews.liveSyncMsg,crm,
21,レビューフィード,5,crm.aiHub.reviews.feedTitle,crm,
22,連携ハブへ移動,5,ruleEnginePage.super.emptyGoHub,ruleEnginePage,
23,🤖 AIリアルタイムクリエイター総合評価,5,crm.aiHub.reviews._32,crm,
24,30分ごと,4,crm.email.catalogSync.every30min,crm,
25,AIデザイン生成,4,ruleEnginePage.operations.ai_generateAI,ruleEnginePage,
26,ESGレポート,4,pages.marketingIntel.esgTitle,pages,
27,SKUスコア,4,pages.graphScore.tabSku,pages,
28,⚙ ライトバック設定,4,pages.writeback.settingsTitle,pages,
29,アトリビューション分析,4,ruleEnginePage.gNav.attribution,ruleEnginePage,
30,インフルエンサースコア,4,pages.graphScore.tabInfluencer,pages,
31,ウェルカム,4,crm.aiHub.crm.email.catWelcome,crm,
32,エッジなし — 統合ハブでチャネルを接続してください,4,crm.aiHub.catalogSync.graph.noEdge,crm,
33,カスタム,4,ruleEnginePage.operations.ai_plat_custom,ruleEnginePage,
34,カート離脱,4,crm.aiHub.catalogSync.webPopup.aiThemeCart,crm,
35,クリエイティブスコア,4,pages.graphScore.tabCreative,pages,
36,グラフスコア,4,ruleEnginePage.dash.GraphScore,ruleEnginePage,
37,グラフブラウザ,4,pages.graphScore.tabBrowser,pages,
38,コンテンツ登録,4,crm.aiHub.catalogSync.contentCal.registerTitle,crm,
39,コンプライアンス用全操作記録,4,pages.writeback.cfgAuditLogDesc,pages,
40,ジョブ履歴,4,pages.writeback.jobHistory,pages,
41,セキュリティ監視,4,ruleEnginePage.supplyChain.guideStep9Title,ruleEnginePage,
42,ソースノード,4,crm.aiHub.catalogSync.graph.sourceNode,crm,
43,タイトル,4,crm.aiHub.catalogSync.webPopup.title,crm,
44,ターゲットノード,4,crm.aiHub.catalogSync.graph.targetNode,crm,
45,テンプレート名,4,crm.aiHub.crm.email.lblTplName,crm,
46,デモモード — ライトバック操作不可,4,pages.writeback.demoGuard,pages,
47,デモモードでは実行不可,4,pages.perms.menu.approvals.GuardExecute,pages,
48,デモモードでは承認/却下不可,4,pages.perms.menu.approvals.GuardDecide,pages,
49,データウェアハウス,4,crm.email.conn.tabDW,crm,
50,ニュートラル,4,crm.aiHub.reviews.filterNeutral,crm,
51,パス重み,4,crm.aiHub.catalogSync.graph.pathW,crm,
52,フラッシュセール,4,ruleEnginePage.operations.ai_flash,ruleEnginePage,
53,フレンドリー,4,crm.email.campaignMgr.toneFriendly,crm,
54,プロフェッショナル,4,crm.email.campaignMgr.toneProfessional,crm,
55,ポップアップ管理,4,crm.aiHub.catalogSync.webPopup.tabManage,crm,
56,予算プランナー,4,ruleEnginePage.gNav.budgetTracker,ruleEnginePage,
57,承認リクエストなし,4,pages.perms.menu.approvals.noRequests,pages,
58,接続された貢献パスなし,4,crm.aiHub.catalogSync.graph.noPath,crm,
59,貢献インフルエンサー,4,crm.aiHub.catalogSync.graph.contribInfluencer,crm,
60,貢献クリエイティブ,4,crm.aiHub.catalogSync.graph.contribCreative,crm,
61,重み,4,crm.aiHub.catalogSync.graph.weight,crm,
62,📋 アラート履歴,4,crm.email.catalogSync.tabHistory,crm,
63,📋 承認キュー,4,pages.perms.menu.approvals.requestList,pages,
64,📖 ガイド,4,crm.aiHub.tab_guide,crm,
65,🛤 貢献パス,4,crm.aiHub.catalogSync.graph.contribPath,crm,
66,1時間ごと,3,crm.email.catalogSync.every1hour,crm,
67,20項目KPI貢献度スコアリング,3,pages.perms.menu.marketingIntel.tabKpiDesc,pages,
68,4チャンネル,3,pages.perms.menu.marketingIntel.badge4ch,pages,
69,5インフルエンサー,3,pages.perms.menu.marketingIntel.badge5inf,pages,
70,6時間ごと,3,crm.email.catalogSync.every6hours,crm,
71,AIマーケティング手法推薦,3,pages.perms.menu.marketingIntel.tabAiDesc,pages,
72,APIキー設定,3,crm.aiHub.catalogSync.sms.apiKeySettings,crm,
73,CPO (件当たりコスト),3,pages.perms.menu.marketingIntel.cpo,pages,
74,CSVインポート,3,crm.email.catalogSync.importCsv,crm,
75,Claude AIがチャネル・カテゴリ・ターゲットに合わせた広告素材を自動生成します,3,pages.perms.menu.marketingIntel.adCreativeSub,pages,
76,SMSマーケティング,3,ruleEnginePage.gNav.smsMarketing,ruleEnginePage,
77,⚙️ マーケティング自動化,3,pages.perms.menu.marketingIntel.tabAuto,pages,
78,⚙️ 自動化ルール一覧,3,pages.perms.menu.marketingIntel.autoRules,pages,
79,✍️ コピーのトーン,3,pages.perms.menu.marketingIntel.adTone,pages,
80,✕ 却下済み,3,pages.perms.menu.marketingIntel.rejected,pages,
81,✨ AI広告素材を生成,3,pages.perms.menu.marketingIntel.adGenerate,pages,
82,⬇ ダウンロード,3,pages.perms.menu.marketingIntel.adDownload,pages,
83,アトリビューション,3,ruleEnginePage.dash.Attribution,ruleEnginePage,
84,アナリティクス,3,ruleEnginePage.gNav.analytics,ruleEnginePage,
85,イベント,3,crm.email.pxl.tabEvents,crm,
86,インフルエンサー規模,3,pages.perms.menu.marketingIntel.dimTier,pages,
87,ウェブポップアップ管理,3,crm.aiHub.catalogSync.webPopup.pageTitle,crm,
88,オムニチャネル,3,ruleEnginePage.gNav.omniChannel,ruleEnginePage,
89,カタログ同期,3,ruleEnginePage.gNav.catalog,ruleEnginePage,
90,カテゴリマッピング,3,crm.email.catalogSync.tabCategoryMapping,crm,
91,カート→購入,3,pages.perms.menu.marketingIntel.cartToBuy,pages,
92,カート率,3,pages.perms.menu.marketingIntel.cartRate,pages,
93,キーワード,3,pages.perms.menu.marketingIntel.adKeywords,pages,
94,クリック率(CTR),3,pages.perms.menu.marketingIntel.ctr,pages,
95,グラフスコアリング,3,pages.graphScore.pageTitle,pages,
96,コホート分析,3,pages.marketingIntel.attrData.tabCohortLabel,pages,
97,コンテンツ種別,3,pages.perms.menu.marketingIntel.dimContent,pages,
98,サプライヤー,3,ruleEnginePage.wms.tabSupplierDesc,ruleEnginePage,
99,サマリースコア,3,pages.graphScore.tabSummary,pages,
100,ショートカットURL,3,crm.aiHub.catalogSync.webPopup.linkEnabled,crm,
101,ジャーニー名,3,crm.aiHub.journey.journeyName,crm,
102,スケジュール,3,crm.email.campaignMgr.tabGantt,crm,
103,セキュリティロック有効,3,crm.email.dt.secLockTitle,crm,
104,セキュリティ正常,3,crm.aiHub.catalogSync.pnl.securityNormal,crm,
105,タッチポイント数,3,pages.perms.menu.marketingIntel.dimTouch,pages,
106,ダッシュボード利用ガイド,3,crm.aiHub.dashGuide.title,crm,
107,チャネルKPIダッシュボード,3,crm.aiHub.omniChannel.tabOverviewDesc,crm,
108,チャネル手数料,3,ruleEnginePage.marketing.channelFeeTitle,ruleEnginePage,
109,チャネル種別,3,pages.perms.menu.marketingIntel.dimChannel,pages,
110,チャネル精算管理,3,ruleEnginePage.super.pageTitle,ruleEnginePage,
111,テスト送信,3,crm.aiHub.journey.emailTestSend,crm,
112,デバイス,3,pages.perms.menu.marketingIntel.dimDevice,pages,
113,ドメイン,3,crm.email.ds.domain,crm,
114,ニュースレター,3,crm.aiHub.catalogSync.journey.aiThemeNewsletter,crm,
115,ネガティブレビュー,3,crm.aiHub.reviews.kpiNegative,crm,
116,ハッシュタグ,3,pages.perms.menu.marketingIntel.adHashtags,pages,
117,ファネル・チャネル・インフルエンサー転換,3,pages.perms.menu.marketingIntel.tabFunnelDesc,pages,
118,フィールド,3,crm.email.ds.thField,crm,
119,プロモーション種別,3,pages.perms.menu.marketingIntel.dimCoupon,pages,
120,ヘッドライン,3,pages.perms.menu.marketingIntel.adHeadline,pages,
121,ポリシーなし,3,crm.email.aiPolicy.noPolicies,crm,
122,ポリシー名,3,crm.email.aiPolicy.policyName,crm,
123,メッセージ内容,3,crm.aiHub.catalogSync.sms.messageContent,crm,
124,モニタリング,3,crm.email.campaignMgr.tabMonitor,crm,
125,モバイル転換,3,pages.perms.menu.marketingIntel.mobileCvr,pages,
126,ライブプレビュー,3,crm.aiHub.catalogSync.webPopup.badgeLive,crm,
127,リアルタイムクロスタブ同期有効 — すべてのメニューのデータがリアルタイムで反映されます。,3,crm.aiHub.crm.liveSyncStatus,crm,
128,ルールなし,3,crm.email.alertAuto.noRules,crm,
129,ルール名,3,ruleEnginePage.supplyChain.ruleName,ruleEnginePage,
130,レポートビルダー,3,ruleEnginePage.gNav.reportBuilder,ruleEnginePage,
131,ローアス,3,performance.kpiRoas,performance,
132,"例: 保湿, 弾力, 肌バリア",3,pages.perms.menu.marketingIntel.adKeywordPh,pages,
133,例: 保湿クリーム プレミアム 50ml,3,pages.perms.menu.marketingIntel.adProductPh,pages,
134,保存済みレイアウト,3,crm.aiHub.catalogSync.reportBuilder.tabSaved,crm,
135,契約タイプ,3,crm.email.ds.fContractType,crm,
136,実行アクション:,3,pages.perms.menu.marketingIntel.actionLabel,pages,
137,悪意のある入力が検知されブロックされました。,3,crm.aiHub.catalogSync.caseStudy.securityDesc,crm,
138,承認キュー,3,crm.email.mr.tabApproval,crm,
139,承認ゲート,3,crm.email.aiPolicy.cfgApprovalGate,crm,
140,接続チャネルがありません。統合ハブでAPIキーを登録してください。,3,crm.aiHub.crm.noConnectedChannels,crm,
141,日残り,3,crm.email.campaignMgr.daysLeft,crm,
142,本文コピー,3,pages.perms.menu.marketingIntel.adBody,pages,
143,注文番号・購入者・商品名で検索...,3,ruleEnginePage.super.searchPlaceholder,ruleEnginePage,
144,流入・転換・貢献度データ基盤 最適マーケティング戦略推薦,3,pages.perms.menu.marketingIntel.aiEngineDesc,pages,
145,流入・転換分析 · 20項目KPI貢献度スコアリング · AI推薦 · 自動化承認実行,3,pages.perms.menu.marketingIntel.pageSub,pages,
146,為替レート,3,crm.email.settlements.exchangeRate,crm,
147,現在のプラン,3,crm.aiHub.catalogSync.ihub.licCurrentPlan,crm,
148,監査ログなし,3,crm.email.dt.auditEmpty,crm,
149,統合ハブへ移動,3,crm.aiHub.crm.goIntegrationHub,crm,
150,自動化ルール・承認・実行,3,pages.perms.menu.marketingIntel.tabAutoDesc,pages,
151,連携済み,3,crm.email.dt.integrated,crm,
152,🎨 AI広告クリエイティブ生成スタジオ,3,pages.perms.menu.marketingIntel.adCreativeTitle,pages,
153,🎨 クリエイティブ,3,crm.aiHub.crm.email.tabCreative,crm,
154,🎨 クリエイティブスタイル,3,pages.perms.menu.marketingIntel.adStyle,pages,
155,🎨 生成された広告素材,3,pages.perms.menu.marketingIntel.adResult,pages,
156,🎯 ターゲット,3,pages.perms.menu.marketingIntel.adTarget,pages,
157,🏆 チャネル総合貢献度スコア (20項目加重合算),3,pages.perms.menu.marketingIntel.kpiTotal,pages,
158,📊 流入・転換分析,3,pages.perms.menu.marketingIntel.tabFunnel,pages,
159,📋 20項目標準評価指標詳細 (チャネル別),3,pages.perms.menu.marketingIntel.kpiTable,pages,
160,📋 コピー,3,pages.perms.menu.marketingIntel.adCopy,pages,
161,📐 広告サイズ,3,pages.perms.menu.marketingIntel.adSize,pages,
162,📖 利用ガイド,3,ruleEnginePage.marketing.guideTabGuideName,ruleEnginePage,
163,📜 自動化実行ログ,3,pages.perms.menu.marketingIntel.execLog,pages,
164,📢 広告プラットフォーム選択,3,pages.perms.menu.marketingIntel.adPlatform,pages,
165,📣 CTAボタン,3,pages.perms.menu.marketingIntel.adCta,pages,
166,📣 チャネル別流入・転換詳細 (クリックで展開),3,pages.perms.menu.marketingIntel.channelDetail,pages,
167,🔑 キーワード,3,pages.perms.menu.marketingIntel.adKeyword,pages,
168,🔽 全体マーケティングファネル (4チャネル統合),3,pages.perms.menu.marketingIntel.funnelTotal,pages,
169,🕸️ モデル比較,3,attribution.modelCompare,attribution,
170,🛡️ ポリシー,3,crm.email.aiPolicy.tabPolicies,crm,
171,🤖 AIが広告素材を生成中…,3,pages.perms.menu.marketingIntel.adGenerating,pages,
172,🤖 AI推薦エンジン,3,pages.perms.menu.marketingIntel.tabAi,pages,
173,🤖 Claude AI マーケティング推薦エンジン,3,pages.perms.menu.marketingIntel.aiEngine,pages,
174,🤝 インフルエンサーキャンペーン流入・転換,3,pages.perms.menu.marketingIntel.infFunnel,pages,
175,🧠 マーケティングインテリジェンス,3,pages.perms.menu.marketingIntel.pageTitle,pages,
176,+ インポート,2,ruleEnginePage.super.importBtn,ruleEnginePage,
177,100+システム統合対応,2,pages.marketingIntel.onboarding.kpiConnector,pages,
178,12時間ごと,2,crm.email.catalogSync.schedFreq12h,crm,
179,3PL、サプライチェーン、返品、アジア、アラート。,2,pages.marketingIntel.onboarding.guideSecOps,pages,
180,3PLパートナー登録,2,pages.marketingIntel.onboarding.step3PL,pages,
181,3PL・物流・サプライチェーン・返品統合運営,2,pages.marketingIntel.onboarding.roleOpsDesc,pages,
182,3段階ドリルダウン,2,ruleEnginePage.accountPerf.guideTabDrilldownDesc,ruleEnginePage,
183,400+ APIエンドポイント対応,2,pages.marketingIntel.onboarding.kpiAPIKey,pages,
184,52週時系列データ,2,pages.marketingIntel.attrData.timeSeries,pages,
185,5つのモデル,2,pages.marketingIntel.attrData.tabMtaDesc,pages,
186,5ステップカスタムパス,2,pages.marketingIntel.onboarding.fiveStepPath,pages,
187,A/Bテスト実行,2,pages.marketingIntel.onboarding.stepABTest,pages,
188,A/Bテスト結果,2,crm.aiHub.catalogSync.webPopup.abResult,crm,
189,AIが顧客セグメントを自動生成し、最適な送信時間にEmail・Kakao・SMSを自動配信します。,2,pages.marketingIntel.onboarding.stepAIMarketingDesc,pages,
190,AIオートマーケティング,2,ruleEnginePage.gNav.autoMarketing,ruleEnginePage,
191,AIポリシー,2,ruleEnginePage.dash.AIPolicy,ruleEnginePage,
192,AIモニタリング,2,pages.marketingIntel.marketingIntel.channelKpiPage.guideMonitorName,pages,
193,AIルールエンジンとAIポリシーからの承認リクエストがリアルタイムで表示されます。,2,pages.marketingIntel.marketingIntel.approvals.noRequestsDesc,pages,
194,AI分析と改善,2,pages.marketingIntel.marketingIntel.channelKpiPage.guideMonitorDesc,pages,
195,AI自動化へ,2,crm.email.campaignMgr.btnAutoMarketing,crm,
196,AI自動化ルールの実行条件・承認フロー・監査ログを構成します。,2,pages.marketingIntel.onboarding.stepAIPolicyDesc,pages,
197,AI返信トーン,2,crm.aiHub.reviews.aiToneLabel,crm,
198,APIキー、コネクタ、スキーマ、監視、AI。,2,pages.marketingIntel.onboarding.guideSecDev,pages,
199,APIキー発行,2,pages.marketingIntel.onboarding.stepAPIKey,pages,
200,APIレイテンシ、DLQエラー、バッチジョブ状態をリアルタイムで監視します。,2,pages.marketingIntel.onboarding.stepSysMonitorDesc,pages,
201,API連携、システム監視、データスキーマ,2,pages.marketingIntel.onboarding.roleDevDesc,pages,
202,CRMセグメント,2,crm.email.dt.srcCRM,crm,
203,CRMセグメント設定,2,pages.marketingIntel.onboarding.stepCRM,pages,
204,CSVダウンロード,2,crm.email.settlements.csvDownload,crm,
205,CSエスカレーション,2,crm.aiHub.reviews.csEscalate,crm,
206,ERP・PIM・WMS等既存システムと双方向データパイプラインを構成します。,2,pages.marketingIntel.onboarding.stepConnectorDesc,pages,
207,Geniego-ROIへようこそ！,2,pages.marketingIntel.onboarding.welcomeTitle,pages,
208,LTV/CAC比率でどのチャネルが長期的に最も収益性が高いか分析します。,2,pages.marketingIntel.onboarding.stepChannelProfitDesc,pages,
209,Meta・Google・TikTok・Naver・KakaoのAPIキー入力だけで広告データが自動収集されます。,2,pages.marketingIntel.onboarding.stepAdsIntegrationDesc,pages,
210,P&L、収益性、照合、ESG、レポート。,2,pages.marketingIntel.onboarding.guideSecFinance,pages,
211,P&Lダッシュボード,2,pages.marketingIntel.onboarding.stepPnL,pages,
212,P&L分析、チャネル別収益性、ESG・レポート自動化,2,pages.marketingIntel.onboarding.roleFinanceDesc,pages,
213,Prepareを実行してカテゴリ提案を取得。,2,pages.writeback.runPrepareCategory,pages,
214,Prepareを実行してポリシーを検証。,2,pages.writeback.runPreparePolicy,pages,
215,REST APIキーを発行して外部システムとGeniego-ROIを統合します。,2,pages.marketingIntel.onboarding.stepAPIKeyDesc,pages,
216,ROIランキング,2,crm.aiHub.guideRoiName,crm,
217,SKU IDを選択または入力,2,pages.graphScore.phSkuId,pages,
218,SKUを入力,2,pages.writeback.skuPlaceholder,pages,
219,SKUを入力してください。,2,pages.writeback.errNoSku,pages,
220,SKU重み,2,pages.graphScore.weightSku,pages,
221,SLAモニタリング,2,ruleEnginePage.super.settingsSlaMonitor,ruleEnginePage,
222,Shapley Valueベースでどのチャネルが実際の売上に貢献したかを公正に測定します。,2,pages.marketingIntel.onboarding.stepAttributionDesc,pages,
223,Shopify・Coupang・Naver・Amazon APIを接続すると商品・在庫・注文がリアルタイム同期されます。,2,pages.marketingIntel.onboarding.stepChannelConnectDesc,pages,
224,Slackに承認通知を送信,2,pages.marketingIntel.marketingIntel.approvals.cfgSlackNotifyDesc,pages,
225,UGC/インフルエンサー,2,crm.email.ds.ugcInfluencer,crm,
226,UGCレビュー,2,crm.aiHub.guideUgcName,crm,
227,VIP・離脱リスク・再購入可能な顧客をAIが自動分類します。,2,pages.marketingIntel.onboarding.stepCRMDesc,pages,
228,Webポップアップ,2,ruleEnginePage.gNav.webPopup,ruleEnginePage,
229,✓ CSVダウンロード完了,2,crm.email.settlements.csvSuccess,crm,
230,このステップ完了時の予想効果,2,pages.marketingIntel.onboarding.expectedEffect,pages,
231,アカウント別実績,2,ruleEnginePage.accountPerf.pageTitle,ruleEnginePage,
232,アクション実行前に5分遅延,2,pages.marketingIntel.marketingIntel.approvals.cfgExecDelayDesc,pages,
233,アジア物流連携,2,pages.marketingIntel.onboarding.stepAsiaLogistics,pages,
234,アラートルール,2,crm.email.ds.badgeAlertRules,crm,
235,アラート条件,2,crm.email.ds.alertCondition,crm,
236,イベントスキーマ,2,ruleEnginePage.gNav.eventNorm,ruleEnginePage,
237,イベントタイプ,2,ruleEnginePage.operations.ai_eventType,ruleEnginePage,
238,インフルエンサーIDを選択または入力,2,pages.graphScore.phInfId,pages,
239,インフルエンサー・クリエイティブ・SKU・注文間のグラフネットワークを分析し、各ノードの貢献度をスコアリングします。,2,pages.graphScore.heroDesc,pages,
240,インフルエンサー重み,2,pages.graphScore.weightInfluencer,pages,
241,ウェブサイトポップアップキャンペーン管理,2,crm.aiHub.catalogSync.webPopup.pageSub,crm,
242,エスカレーション,2,crm.aiHub.reviews.escalationCount,crm,
243,エッジ重み = 貢献度指標,2,pages.graphScore.weightDesc,pages,
244,エンゲージメント,2,crm.aiHub.engagement,crm,
245,エンゲージメント率,2,crm.email.ds.fEngRate,crm,
246,オンボーディング完了。Geniego-ROIでROIを最大化しましょう。,2,pages.marketingIntel.onboarding.completionMsg,pages,
247,オンボーディング開始,2,pages.marketingIntel.onboarding.roleStarted,pages,
248,オーディエンスターゲティング,2,crm.email.ds.secAudienceTarget,crm,
249,カジュアル,2,crm.email.campaignMgr.toneCasual,crm,
250,カスタム画像アップロード,2,ruleEnginePage.operations.ai_uploadCustom,ruleEnginePage,
251,カテゴリ提案,2,pages.writeback.categorySuggestion,pages,
252,カレンダー,2,crm.aiHub.catalogSync.contentCal.tabCalendar,crm,
253,カレンダービュー,2,crm.aiHub.catalogSync.contentCal.guideCalName,crm,
254,カート復旧,2,crm.aiHub.catalogSync.journey.tplCart,crm,
255,ガイド,2,ruleEnginePage.marketing.bgTabGuide,ruleEnginePage,
256,キャンバスクリア,2,ruleEnginePage.super.clearCanvas,ruleEnginePage,
257,キャンペーン ➔ 広告セット ➔ 広告,2,ruleEnginePage.accountPerf.hierarchyTitle,ruleEnginePage,
258,キャンペーン承認,2,crm.aiHub.catalogSync.devHub.ev_campaign_approved,crm,
259,キャンペーン現況,2,crm.email.campaignMgr.tabOverview,crm,
260,キャンペーン複製,2,pages.marketingIntel.marketingIntel.unified.cloneCampaign,pages,
261,キャンペーン設定へ移動,2,ruleEnginePage.marketing.creativeSyncBtn,ruleEnginePage,
262,キャンペーン階層,2,crm.email.ds.secCampaignHierarchy,crm,
263,キーワード分析,2,pages.marketingIntel.pricingDetail.growth_s2i3,pages,
264,クリエイター統合,2,crm.aiHub.guideIdentName,crm,
265,クリエイティブIDを選択または入力,2,pages.graphScore.phCreativeId,pages,
266,クリエイティブ重み,2,pages.graphScore.weightCreative,pages,
267,クリエイティブ（広告素材）,2,pages.graphScore.lbl_creative,pages,
268,クリックして選択,2,channelKpi.selectGoal,channelKpi,
269,クレーム/返品,2,ruleEnginePage.tabClaims,ruleEnginePage,
270,グローバル+国内,2,crm.aiHub.omniChannel.badgeRegion,crm,
271,グローバル売上,2,pages.marketingIntel.marketingIntel.tabs.sales,pages,
272,コネクタ設定,2,pages.marketingIntel.onboarding.stepConnector,pages,
273,コホート,2,pages.marketingIntel.influencer.attrData.guideCohortName,pages,
274,コマースオーナー,2,pages.marketingIntel.onboarding.roleCommerce,pages,
275,コミュニティ,2,pages.marketingIntel.marketingIntel.channelKpiPage.guideCommunityName,pages,
276,コミュニティ分析,2,pages.marketingIntel.marketingIntel.channelKpiPage.guideCommunityDesc,pages,
277,コンソール,2,pages.writeback.tabConsole,pages,
278,コンバージョンファネル,2,ruleEnginePage.dash.convFunnel,ruleEnginePage,
279,コンバージョン率平均+18%向上,2,pages.marketingIntel.onboarding.kpiABTest,pages,
280,サプライチェーン,2,pages.marketingIntel.onboarding.tagSupplyChain,pages,
281,サプライチェーンリスク早期検知,2,pages.marketingIntel.onboarding.kpiSupplyChain,pages,
282,サプライチェーン管理,2,pages.marketingIntel.onboarding.stepSupplyChain,pages,
283,サプライヤーから消費者まで全サプライチェーンの可視性をリアルタイムで確認します。,2,pages.marketingIntel.onboarding.stepSupplyChainDesc,pages,
284,サマリーダッシュボード,2,pages.graphScore.guideSummaryTitle,pages,
285,サーバーモニター,2,ruleEnginePage.gNav.serverMonitor,ruleEnginePage,
286,システム,2,crm.email.mr.apvSystem,crm,
287,シーズンイベント,2,crm.aiHub.catalogSync.webPopup.aiThemeSeason,crm,
288,ジャーニーを作成する,2,crm.aiHub.journey.guideStartBtn,crm,
289,ジャーニー一覧,2,crm.aiHub.catalogSync.journey.tabList,crm,
290,ジョブ更新,2,pages.writeback.btnRefreshJobs,pages,
291,スクロール深度,2,crm.aiHub.catalogSync.webPopup.triggerScroll,crm,
292,スケジュール保存,2,crm.email.catalogSync.schedSaveBtn,crm,
293,スコア,2,crm.email.campaignMgr.copyScore,crm,
294,ステップ別設定案内,2,crm.aiHub.omniChannel.tabGuideDesc,crm,
295,ステップ完了,2,pages.marketingIntel.onboarding.stepCompleted,pages,
296,ソース,2,crm.email.pxl.source,crm,
297,タイムスタンプ,2,crm.aiHub.catalogSync.ihub.efTimestamp,crm,
298,タブ別詳細ガイド,2,pages.graphScore.guideTabsTitle,pages,
299,ダッシュボードへ,2,pages.marketingIntel.onboarding.goToDashboard,pages,
300,チャネルライトバック操作,2,pages.writeback.tabConsoleDesc,pages,
301,チャネル一覧・接続状態,2,crm.aiHub.omniChannel.tabChannelsDesc,crm,
302,チャネル別APIレート制限,2,pages.writeback.cfgRateLimitDesc,pages,
303,チャネル別・SKU別の実質純利益を広告費・手数料・物流費控除後にリアルタイムで確認します。,2,pages.marketingIntel.onboarding.stepPnLDesc,pages,
304,チャネル別収益性分析,2,pages.marketingIntel.onboarding.stepChannelProfit,pages,
305,チャネル別手数料を自動照合し、実質純利益をリアルタイム計算します。,2,pages.marketingIntel.onboarding.stepSettlementDesc,pages,
306,チャネル役割,2,pages.marketingIntel.marketingIntel.channelKpiPage.guideRoleName,pages,
307,チャネル無駄予算平均23%削減,2,pages.marketingIntel.onboarding.kpiAttribution,pages,
308,チャネル配分,2,ruleEnginePage.marketing.bgTabPacing,ruleEnginePage,
309,チャンピオン,2,aiPredict.grade.champions,aiPredict,
310,チーム予算,2,ruleEnginePage.accountPerf.teamDashboard,ruleEnginePage,
311,チーム予算・KPI・収益,2,ruleEnginePage.accountPerf.guideTabDashboardDesc,ruleEnginePage,
312,チーム別パフォーマンス,2,ruleEnginePage.accountPerf.pageSub,ruleEnginePage,
313,チーム別分析,2,ruleEnginePage.accountPerf.aiInsightDesc,ruleEnginePage,
314,チーム管理,2,pages.marketingIntel.pricingDetail.growth_s8,pages,
315,テンプレートなし,2,crm.aiHub.crm.email.noTemplates,crm,
316,テンプレートコード,2,crm.aiHub.journey.kakaoTemplate,crm,
317,テンプレート作成,2,crm.aiHub.crm.email.tplCreate,crm,
318,テンプレート保存,2,pages.marketingIntel.marketingIntel.unified.saveTemplate,pages,
319,テンプレート編集,2,crm.aiHub.crm.email.tplEdit,crm,
320,デフォルトに戻す,2,pages.graphScore.weightReset,pages,
321,データ,2,pages.marketingIntel.onboarding.tagData,pages,
322,データがありません。統合ハブでチャネルを接続し、データを収集してください。,2,pages.graphScore.noData,pages,
323,データスキーマ確認,2,pages.marketingIntel.onboarding.stepDataSchema,pages,
324,データソース,2,crm.email.dt.lineageSources,crm,
325,データポイント,2,crm.email.dt.historyDataPoints,crm,
326,トップ貢献インフルエンサー,2,pages.graphScore.topInfluencer,pages,
327,トリガーイベント,2,crm.aiHub.journey.triggerEvent,crm,
328,トリガータイプ,2,crm.aiHub.journey.triggerType,crm,
329,トリガー条件,2,crm.email.ds.triggerCondition,crm,
330,トレンド,2,crm.aiHub.reviews.tabTrend,crm,
331,トレンド分析,2,crm.aiHub.catalogSync.reviews.tabTrend,crm,
332,トーン,2,crm.email.campaignMgr.copyTone,crm,
333,ドライランモード,2,pages.writeback.cfgDryRun,pages,
334,ドラッグ＆ドロップまたはクリック,2,crm.aiHub.catalogSync.journey.uploadDragDrop,crm,
335,ネガティブキーワードTop 5,2,crm.aiHub.reviews.negKeywordsTitle,crm,
336,ネットワーク全体のノード数、エッジ数、トップ貢献者を一覧する総合ダッシュボード。ノードタイプ別の色分けで直感的に視覚化します。,2,pages.graphScore.guideSummaryDesc,pages,
337,ノードIDでフィルタ,2,pages.graphScore.phNodeIdFilter,pages,
338,ノードタイプ別の重みを調整してスコアリング基準をカスタマイズします。,2,pages.graphScore.weightSettingsDesc,pages,
339,パフォーマンスセンター,2,ruleEnginePage.gNav.performanceHub,ruleEnginePage,
340,パフォーマンス指標,2,crm.email.ds.secPerfMetrics,crm,
341,ビジネス目標を選択,2,pages.marketingIntel.marketingIntel.channelKpiPage.guideGoalDesc,pages,
342,ビューティー・コスメ,2,ruleEnginePage.marketing.cat_beauty,ruleEnginePage,
343,ピッキングエラー率0.08%以下,2,pages.marketingIntel.onboarding.kpiWMS,pages,
344,ファーストタッチ,2,pages.marketingIntel.attrData.firstTouch,pages,
345,フィットネス,2,ruleEnginePage.operations.ai_cat_fitness,ruleEnginePage,
346,フォーマット,2,ruleEnginePage.marketing.csKpiFormats,ruleEnginePage,
347,フォーマル,2,crm.aiHub.reviews.toneFormal,crm,
348,ブログ分析,2,pages.marketingIntel.marketingIntel.channelKpiPage.guideContentDesc,pages,
349,ブロック済み,2,crm.email.pxl.secBlocked,crm,
350,プラットフォーム別コンテンツ管理·ステータス追跡·AI分析·リアルタイム同期,2,crm.aiHub.catalogSync.contentCal.subtitle,crm,
351,プラットフォーム精算内容と実際入金額を自動マッチングし、未払い・誤払いを即座に検知します。,2,pages.marketingIntel.onboarding.stepReconciliationDesc,pages,
352,プラットフォーム選択,2,ruleEnginePage.operations.ai_selectPlatform,ruleEnginePage,
353,プレビューを閉じる,2,crm.email.catalogSync.closePreview,crm,
354,ベイジアンMMM,2,pages.marketingIntel.attrData.badgeMmm,pages,
355,ベイズ最適化で勝者バリアントを統計的に95%信頼度で自動確定します。,2,pages.marketingIntel.onboarding.stepABTestDesc,pages,
356,ペイロードエディタ,2,pages.writeback.payloadEditor,pages,
357,ホームダッシュボード,2,pages.marketingIntel.pricingDetail.free_s1,pages,
358,ポップアップ名,2,crm.aiHub.catalogSync.webPopup.popupName,crm,
359,ポップアップ編集,2,crm.aiHub.catalogSync.webPopup.editPopup,crm,
360,ポリシー検証,2,pages.writeback.policyValidate,pages,
361,ポリシー発見事項,2,pages.writeback.policyFindings,pages,
362,マッチング率97.6%,2,pages.marketingIntel.onboarding.kpiReconciliation,pages,
363,マルチチャネル、注文、WMS、決済、アラート。,2,pages.marketingIntel.onboarding.guideSecCommerce,pages,
364,マルチチャネル注文・在庫・WMS・返品統合管理,2,pages.marketingIntel.onboarding.roleCommerceDesc,pages,
365,マークアップ(%),2,crm.email.catalogSync.markupLabel,crm,
366,マーケター,2,pages.marketingIntel.onboarding.roleMarketer,pages,
367,マーケティング成果,2,pages.marketingIntel.marketingIntel.tabs.marketing,pages,
368,メッセージタイプ,2,crm.aiHub.journey.kakaoMsgType,crm,
369,メッセージテンプレート管理,2,crm.aiHub.catalogSync.sms.guideTemplatesDesc,crm,
370,メトリクス,2,crm.email.aiPolicy.metric,crm,
371,メトリクスカタログ,2,crm.email.ds.tabMetrics,crm,
372,メール通知,2,pages.marketingIntel.marketingIntel.approvals.cfgEmailNotify,pages,
373,ライトバックジョブなし,2,pages.writeback.noJobs,pages,
374,ライトバックジョブログ,2,pages.writeback.tabJobsDesc,pages,
375,ライトバック操作を実行するとジョブ履歴が表示されます。,2,pages.writeback.noJobsDesc,pages,
376,ライトバック設定・ログ,2,pages.marketingIntel.pricingDetail.pro_s5i4,pages,
377,ライブテスト,2,crm.aiHub.catalogSync.webPopup.tabLive,crm,
378,ラストタッチ,2,pages.marketingIntel.attrData.lastTouch,pages,
379,ラベル,2,pages.graphScore.label,pages,
380,リアルタイムソース,2,crm.email.dt.lineageRealSources,crm,
381,リアルタイムデータ検証,2,pages.marketingIntel.onboarding.kpiDataSchema,pages,
382,リアルタイムログ,2,crm.email.alertAuto.tabHistoryDesc,crm,
383,リアルタイム同期有効,2,crm.aiHub.crm.email.liveSyncStatus,crm,
384,リアルタイム在庫監視,2,crm.aiHub.omniChannel.tabInventoryDesc,crm,
385,リスト,2,crm.aiHub.catalogSync.contentCal.tabList,crm,
386,リストビュー,2,crm.aiHub.catalogSync.contentCal.guideListName,crm,
387,ルール保存,2,crm.email.alertAuto.saveRule,crm,
388,ルール同期,2,crm.email.aiPolicy.badgeRules,crm,
389,ルール追加,2,ruleEnginePage.supplyChain.addRule,ruleEnginePage,
390,レビュー & UGC,2,crm.aiHub.catalogSync.root_pageTitle_reviewsUgc,crm,
391,レビュー管理,2,crm.aiHub.reviews.tabFeed,crm,
392,レビュー管理設定,2,crm.aiHub.reviews.settingsTitle,crm,
393,レポート,2,crm.aiHub.catalogSync.recon.tabReports,crm,
394,レポート作成時間90%削減,2,pages.marketingIntel.onboarding.kpiReportAuto,pages,
395,レポート自動化,2,pages.marketingIntel.onboarding.stepReportAuto,pages,
396,レート制限,2,pages.writeback.cfgRateLimit,pages,
397,下の入力欄にIDを入力,2,crm.email.dt.googleStep3,crm,
398,予想所要: 役割あたり30分以内,2,pages.marketingIntel.onboarding.estimatedTime,pages,
399,交渉ヒント,2,crm.aiHub.aiNegTip,crm,
400,今すぐ購入,2,crm.aiHub.catalogSync.webPopup.buyNow,crm,
401,他の役割を探索,2,pages.marketingIntel.onboarding.exploreOtherRoles,pages,
402,件の脅威,2,crm.aiHub.catalogSync.pnl.threats,crm,
403,低リスク自動承認,2,pages.marketingIntel.marketingIntel.approvals.cfgAutoApprove,pages,
404,低優先度リクエストを自動承認,2,pages.marketingIntel.marketingIntel.approvals.cfgAutoApproveDesc,pages,
405,作成済み,2,ruleEnginePage.marketing.created,ruleEnginePage,
406,保留中のリクエスト,2,pages.marketingIntel.marketingIntel.approvals.tabQueueDesc,pages,
407,保留中の承認時にメール送信,2,pages.marketingIntel.marketingIntel.approvals.cfgEmailNotifyDesc,pages,
408,入庫・ピッキング・出庫・棚卸をバーコードスキャンベースで自動化します。,2,pages.marketingIntel.onboarding.stepWMSDesc,pages,
409,全5ステップ完了！,2,pages.marketingIntel.onboarding.allComplete,pages,
410,全エッジをテーブル形式で閲覧し、ノードIDで検索・フィルタリングする探索ツールです。ソースノード、ターゲットノード、重み、ラベルを確認できます。,2,pages.graphScore.guideBrowserDesc,pages,
411,全キャンペーン,2,crm.email.campaignMgr.kpiTotal,crm,
412,全チャネル注文を一カ所で処理し、配送会社自動割当ルールを設定します。,2,pages.marketingIntel.onboarding.stepOrderHubDesc,pages,
413,全レビュー,2,ruleEnginePage.marketing.kpiTotal,ruleEnginePage,
414,分析ジャーニー,2,pages.marketingIntel.attrData.analysisJourney,pages,
415,分析ダッシュボード,2,crm.email.pxl.tabDashboard,crm,
416,利用可能なノードタイプ,2,crm.aiHub.journey.guideNodesTitle,crm,
417,効率低下。クリエイティブ更新,2,ruleEnginePage.accountPerf.aiInsightLow,ruleEnginePage,
418,収集される全イベント・注文・顧客データのスキーマと正規化ルールを確認します。,2,pages.marketingIntel.onboarding.stepDataSchemaDesc,pages,
419,商品JSONを入力し、プレビューで実行前に検証。,2,pages.writeback.payloadEditorDesc,pages,
420,商品JSONを入力してください。,2,pages.writeback.errNoPayload,pages,
421,商品ページ,2,crm.aiHub.productPage,crm,
422,商品・SKU,2,ruleEnginePage.operations.thProductSku,ruleEnginePage,
423,商品別コンバージョン貢献度,2,pages.graphScore.topSku,pages,
424,在庫アラート設定,2,pages.marketingIntel.onboarding.stepInventoryAlert,pages,
425,在庫切れを事前防止,2,pages.marketingIntel.onboarding.kpiInventoryAlert,pages,
426,失敗ジョブの自動再試行,2,pages.writeback.cfgAutoRetryDesc,pages,
427,安全在庫以下で即時アラート、需要予測ベースの自動発注推奨を受けます。,2,pages.marketingIntel.onboarding.stepInventoryAlertDesc,pages,
428,完了/失敗時にWebhook送信,2,pages.writeback.cfgWebhookNotifyDesc,pages,
429,完了マーク,2,pages.marketingIntel.onboarding.markComplete,pages,
430,実行ログ,2,crm.email.alertAuto.tabFiredDesc,crm,
431,実質マージン,2,crm.email.catalogSync.actualMarginLabel,crm,
432,実際のAPI呼び出しなしにシミュレーション,2,pages.writeback.cfgDryRunDesc,pages,
433,対象チャネル,2,crm.aiHub.catalogSync.targetChannel,crm,
434,専用スタートガイド,2,pages.marketingIntel.onboarding.exclusiveGuide,pages,
435,平均30分以内に初回データ収集,2,pages.marketingIntel.onboarding.kpiAdsIntegration,pages,
436,平均マージン率,2,ruleEnginePage.operations.avgMargin,ruleEnginePage,
437,広告イベント,2,crm.email.ds.adEvents,crm,
438,広告チャネル連携,2,pages.marketingIntel.onboarding.stepAdsIntegration,pages,
439,広告パフォーマンス分析、AIキャンペーン自動化、CRMセグメント,2,pages.marketingIntel.onboarding.roleMarketerDesc,pages,
440,強み,2,crm.aiHub.aiStrengths,crm,
441,役割と指標を定義,2,pages.marketingIntel.marketingIntel.channelKpiPage.guideRoleDesc,pages,
442,役割を選択してください,2,pages.marketingIntel.onboarding.selectRole,pages,
443,役割を選択すると、30分以内に最初のインサイトを得るためのカスタマイズされた5ステップパスをご案内します。,2,pages.marketingIntel.onboarding.welcomeDesc,pages,
444,役割選択に戻る,2,pages.marketingIntel.onboarding.backToRoles,pages,
445,悪意ある入力が検出されブロックされました。,2,crm.aiHub.catalogSync.pnl.securityDesc,crm,
446,悪意のある入力が検出され、ブロックされました。,2,ruleEnginePage.supplyChain.securityDesc,ruleEnginePage,
447,承認が必要です。承認管理で承認してください。,2,pages.writeback.approvalCreated,pages,
448,承認に2段階認証が必要,2,pages.marketingIntel.marketingIntel.approvals.cfgRequire2faDesc,pages,
449,承認決定と実行ログがリアルタイムで表示されます。,2,pages.marketingIntel.marketingIntel.approvals.noAuditDesc,pages,
450,指標カタログ,2,crm.aiHub.catalogSync.ds.tabMetricsDesc,crm,
451,接続チャネルの手数料を反映した純貢献度です。,2,pages.graphScore.channelFeeDesc,pages,
452,接続ノード,2,pages.graphScore.nodes,pages,
453,接続済みSKU,2,pages.graphScore.connectedSku,pages,
454,接続済みインフルエンサー,2,pages.graphScore.connectedInfluencers,pages,
455,接続済みクリエイティブ,2,pages.graphScore.connectedCreatives,pages,
456,接続済み注文,2,pages.graphScore.connectedOrders,pages,
457,推定ソース,2,crm.email.dt.lineageEstSources,crm,
458,最も効果的なクリエイティブ,2,pages.graphScore.topCreative,pages,
459,最高スコア,2,crm.email.dt.historyPeakScore,crm,
460,期限切れ,2,crm.aiHub.expired,crm,
461,未テスト,2,crm.aiHub.omniChannel.statusUntested,crm,
462,未マッピング,2,crm.email.catalogSync.unmapped,crm,
463,未払い,2,crm.aiHub.stUnpaid,crm,
464,棚卸し,2,ruleEnginePage.wms.tabAudit,ruleEnginePage,
465,決定ログ,2,pages.marketingIntel.marketingIntel.approvals.tabAuditDesc,pages,
466,注文ハブ設定,2,pages.marketingIntel.onboarding.stepOrderHub,pages,
467,注文重み,2,pages.graphScore.weightOrder,pages,
468,海外配送エラー78%減少,2,pages.marketingIntel.onboarding.kpiAsiaLogistics,pages,
469,炭素排出・持続可能性指標を自動集計し、投資家・規制対応レポートを生成します。,2,pages.marketingIntel.onboarding.stepESGDesc,pages,
470,物流パートナーを登録し、自動配車ルールを設定します。,2,pages.marketingIntel.onboarding.step3PLDesc,pages,
471,特定SKUに貢献したクリエイティブ数、注文数、インフルエンサーランキングを分析します。メダル表示（🥇🥈🥉）で最大貢献者を可視化します。,2,pages.graphScore.guideSkuDesc,pages,
472,特定インフルエンサーのGraph Score、接続SKU数、接続注文数をKPIカードで表示。貢献パステーブルで完全な変換経路を追跡します。,2,pages.graphScore.guideInfluencerDesc,pages,
473,特定クリエイティブのGraph Score、接続SKU、関連インフルエンサー、派生注文数を分析します。クリエイティブ別ROI最適化に活用できます。,2,pages.graphScore.guideCreativeDesc,pages,
474,画像アップロード,2,crm.aiHub.catalogSync.uploadImage,crm,
475,異常なアクセスが検出され、ブロックされました。しばらくしてから再試行してください。,2,pages.graphScore.secLockDesc,pages,
476,異常なアクセスが検出されブロックされました。,2,crm.aiHub.crm.secLockDesc,crm,
477,異常アクセス検出,2,crm.aiHub.crm.email.secLockDesc,crm,
478,目標値を管理,2,pages.marketingIntel.marketingIntel.channelKpiPage.guideSetupDesc,pages,
479,精算データなし,2,ruleEnginePage.super.emptyTitle,ruleEnginePage,
480,経営陣用週次/月次レポートをPDF・Excelでスケジュール自動送信設定します。,2,pages.marketingIntel.onboarding.stepReportAutoDesc,pages,
481,統合ハブへ,2,crm.aiHub.crm.email.goHub,crm,
482,総エッジ数：,2,pages.graphScore.totalEdge,pages,
483,総リクエスト,2,pages.marketingIntel.marketingIntel.approvals.badgeTotal,pages,
484,自動エスカレーション,2,crm.aiHub.reviews.autoEscalateLabel,crm,
485,自動リトライ,2,pages.writeback.cfgAutoRetry,pages,
486,自動ルーティングエンジン,2,ruleEnginePage.guideStep8Title,ruleEnginePage,
487,行クリックでドリルダウン,2,ruleEnginePage.accountPerf.hierarchyDesc,ruleEnginePage,
488,財務・経営者,2,pages.marketingIntel.onboarding.roleFinance,pages,
489,販売チャネル連携,2,pages.marketingIntel.onboarding.stepChannelConnect,pages,
490,返信を表示,2,crm.aiHub.reviews.showReply,crm,
491,返信を隠す,2,crm.aiHub.reviews.hideReply,crm,
492,返品ポータル設定,2,pages.marketingIntel.onboarding.stepReturns,pages,
493,連携ハブでチャネルを接続すると精算データが自動収集されます,2,ruleEnginePage.super.emptyDesc,ruleEnginePage,
494,運営アラート設定,2,pages.marketingIntel.onboarding.stepOpsAlert,pages,
495,運用チーム,2,ruleEnginePage.accountPerf.defaultTeam,ruleEnginePage,
496,過払い,2,crm.aiHub.stOverpaid,crm,
497,配送遅延、在庫切迫、システムエラー発生時に即座にSlack・Emailアラートを受け取ります。,2,pages.marketingIntel.onboarding.stepOpsAlertDesc,pages,
498,重み設定,2,pages.graphScore.weightSettings,pages,
499,重み適用,2,pages.graphScore.weightApply,pages,
500,開始する,2,pages.marketingIntel.onboarding.btnStart,pages,
